Date,S,r,q,sigma_hist,sigma_ml,price_baseline,price_ml,IV,baseline_error,ml_error
2025-03-11,229.13999938964844,0.0434,0.0209478921741536,0.2894128219936046,0.30302755459788194,82.29858946181291,82.67285778270944,79.13999938964844,3.158590072164472,3.532858393061005
2025-03-12,227.8999938964844,0.0435,0.0210618698049646,0.2879078263732665,0.2962371807710291,81.1026157203336,81.32980859288128,77.8999938964844,3.2026218238491992,3.4298146963968748
2025-03-13,225.19000244140625,0.0434,0.0213153334871024,0.2759327665764102,0.2846784746860216,78.2250182874629,78.45399875534108,75.19000244140625,3.035015846056652,3.2639963139348254
2025-03-14,232.44000244140625,0.0433,0.0206504902322481,0.3088871852515208,0.3135064158598017,85.91964120623513,86.05356177297297,82.44000244140625,3.479638764828877,3.6135593315667194
2025-03-17,233.92999267578125,0.0434,0.0205189593052851,0.31056948109155,0.3140440651255233,87.37912544230696,87.47739445931064,83.92999267578125,3.4491327665257074,3.547401783529395
2025-03-18,234.97000122070312,0.0434,0.0204281396563957,0.3120472527415979,0.31722222598029703,88.39843411923876,88.54427188227739,84.97000122070312,3.4284328985356325,3.5742706615742605
2025-03-19,239.1100006103516,0.0433,0.0200744426738636,0.3168875280876324,0.3193312305723454,92.42242612767119,92.48720913798114,89.11000061035159,3.3124255173195962,3.3772085276295485
2025-03-20,239.00999450683597,0.0433,0.0200828421836674,0.3173844861190523,0.30725064464883955,92.34092678514874,92.08522425616233,89.00999450683597,3.3309322783127726,3.0752297493263683
2025-03-21,241.6300048828125,0.0433,0.0198650825766772,0.2909588123293621,0.2814201385324841,94.24397391239957,94.07242742451659,91.6300048828125,2.613969029587068,2.44242254170409
2025-03-24,248.05999755859372,0.0433,0.0193501574104716,0.3093095506814063,0.3007850281068325,100.79551617984463,100.63385671908411,98.05999755859372,2.735518621250904,2.573859160490386
2025-03-25,251.1300048828125,0.0433,0.0191136061269933,0.3122289123212395,0.30288395643865795,103.81251972518716,103.64326347747276,101.1300048828125,2.6825148423746583,2.5132585946602575
2025-03-26,251.02999877929688,0.0433,0.0191212206642287,0.3084758649478184,0.30111730756937916,103.64570826365643,103.51623472891691,101.02999877929688,2.615709484359556,2.4862359496200384
2025-03-27,248.1199951171875,0.0433,0.019345478375223,0.3095448720227814,0.3053420175464717,100.85797303477726,100.77627888954895,98.1199951171875,2.7379779175897596,2.656283772361448
2025-03-28,242.8500061035156,0.0433,0.0197652867175716,0.3165030191193394,0.31199423587723385,95.96270626579071,95.85655264248363,92.8500061035156,3.112700162275118,3.0065465389680384
2025-03-31,245.3000030517578,0.0432,0.0195678758266758,0.3077720474766987,0.3029017716822536,98.09661362883838,97.99752488838642,95.30000305175781,2.796610577080571,2.69752183662861
2025-04-01,243.66000366210935,0.0432,0.019699581087819,0.3050670493269679,0.29302297729656845,96.46570055640107,96.22733646430247,93.66000366210935,2.805696894291728,2.567332802193121
2025-04-02,245.82000732421875,0.0432,0.0195264822104945,0.2753187747114549,0.262873436896439,98.0378223539812,97.87976662264056,95.82000732421875,2.2178150297624484,2.0597592984218096
2025-04-03,228.69000244140625,0.0431,0.0209891116741311,0.3687370692340244,0.3723028154092699,84.67809509477063,84.84046948895083,78.69000244140625,5.988092653364376,6.150467047544581
2025-04-04,210.27999877929688,0.0428,0.0294844970324891,0.4455893577130765,0.46509748266436113,72.96479372743931,74.42106883421786,60.279998779296875,12.68479494814244,14.141070054920988
2025-04-07,214.44000244140625,0.0429,0.0235497106067225,0.4533535759734869,0.4647196386500553,77.59612485911317,78.41297643742537,64.44000244140625,13.156122417706925,13.972973996019121
2025-04-08,216.8699951171875,0.0431,0.0232858399672632,0.4361263721707044,0.4402216289652323,78.3236361034625,78.59849920513065,66.8699951171875,11.453640986275005,11.72850408794315
2025-04-09,234.33999633789065,0.0435,0.0215498851195614,0.515193667981486,0.5109589842174544,97.68728493166618,97.4018739568048,84.33999633789065,13.34728859377553,13.061877618914153
2025-04-10,227.1100006103516,0.0434,0.0222359208596198,0.5271753883638013,0.5308034544928347,92.77342732316043,93.03960594428384,77.11000061035159,15.663426712808842,15.929605333932244
2025-04-11,236.1999969482422,0.0434,0.021380186559048,0.5420139801225495,0.5498793401364119,101.03010115972802,101.58694755258392,86.19999694824219,14.830104211485832,15.386950604341735
2025-04-14,234.72000122070312,0.0433,0.0215149964797911,0.532179429965124,0.5334622512999244,99.14453946710333,99.2342016148921,84.72000122070312,14.424538246400203,14.514200394188975
2025-04-15,233.1300048828125,0.0433,0.021661733342898,0.5323813928685509,0.5341519057000105,97.8863893652957,98.01169638627606,83.1300048828125,14.756384482483199,14.881691503463557
2025-04-16,229.6100006103516,0.0433,0.0219938155419016,0.5347249961399074,0.537783300976826,95.2704358756269,95.49357661925019,79.61000061035159,15.66043526527531,15.8835760088986
2025-04-17,231.9600067138672,0.0434,0.0217709943689965,0.5321783377788442,0.5370753464475146,96.94942190887856,97.29971262009985,81.96000671386719,14.989415195011375,15.339705906232666
2025-04-21,228.9900054931641,0.0434,0.0220533642467236,0.5337118659191635,0.5391047535148816,94.7189735301331,95.11416643971774,78.99000549316409,15.728968036969007,16.124160946553644
2025-04-22,235.58999633789065,0.0433,0.021435545135614,0.5423197787163014,0.5441094239915033,100.55426657265193,100.6809365980633,85.58999633789065,14.964270234761273,15.090940260172644
2025-04-23,240.8800048828125,0.0433,0.0209647953239489,0.5399350739648979,0.5388795746274448,104.67073047584663,104.59935292195092,90.8800048828125,13.790725593034125,13.719348039138424
2025-04-24,244.63999938964844,0.0432,0.0206425768991139,0.5410445388224828,0.540705042938074,107.83053464348359,107.80813930303633,94.63999938964844,13.19053525383515,13.16813991338789
2025-04-25,243.5500030517578,0.0432,0.0207349617603035,0.5411752926320261,0.5399679301186542,106.93835873366271,106.85811011984948,93.55000305175781,13.388355681904898,13.308107068091672
2025-04-28,243.22000122070312,0.0432,0.0207630950359938,0.5398288744225898,0.5401876048805109,106.57659023548887,106.60046493771702,93.22000122070312,13.35658901478574,13.380463717013896
2025-04-29,244.6199951171875,0.0431,0.0206442649857005,0.5348173432687414,0.532393628330959,107.39650901585983,107.23901911037413,94.6199951171875,12.776513898672334,12.61902399318663
2025-04-30,244.6199951171875,0.0431,0.0206442649857005,0.5337236986319146,0.5313673049715333,107.3253424432943,107.17258118559883,94.6199951171875,12.705347326106804,12.55258606841133
2025-05-01,246.88999938964844,0.0431,0.0204544534508664,0.5339963737568965,0.5308708812215359,109.2373372308851,109.03833528085394,96.88999938964844,12.347337841236666,12.148335891205505
2025-05-02,252.50999450683597,0.0433,0.0199992083872279,0.5386320970648975,0.5152348951339732,114.28861132170783,112.88459552154694,102.50999450683597,11.778616814871867,10.374601014710976
2025-05-05,252.55999755859372,0.0433,0.019995248847072,0.4673001518930517,0.43291295458132095,110.32919406740234,108.71753168251338,102.55999755859372,7.769196508808619,6.15753412391966
2025-05-06,249.25,0.0433,0.0202607823470411,0.3655782859893816,0.3469556238460786,103.13594009358715,102.58682770074118,99.25,3.885940093587152,3.336827700741182
2025-05-07,249.38999938964844,0.0434,0.0202494086064367,0.363979266080968,0.3502903547658698,103.22954541007483,102.82458076545122,99.38999938964844,3.839546020426397,3.434581375802779
2025-05-08,253.47000122070312,0.0434,0.0199234622467328,0.3650831935284065,0.3464294665116573,107.0971713914749,106.5901937879336,103.47000122070312,3.6271701707717767,3.1201925672304753
2025-05-09,253.0800018310547,0.0434,0.0199541645466367,0.2621569130640783,0.26135796927752136,104.7957083402865,104.78849885922835,103.08000183105469,1.7157065092318078,1.7084970281736673
2025-05-12,260.04998779296875,0.0441999999999999,0.0194193433457124,0.2412401511933835,0.24122956981868174,111.66797860863535,111.66793020061729,110.04998779296875,1.6179908156666016,1.6179424076485418
2025-05-13,263.010009765625,0.0441,0.0192007901315245,0.210893670910003,0.21216150563845315,114.51243279700915,114.51453093353236,113.010009765625,1.5024230313841542,1.504521167907356
2025-05-14,265.6400146484375,0.0441,0.0190106901126452,0.207299224656865,0.20717112995332568,117.13240412971123,117.13224684299041,115.6400146484375,1.492389481273733,1.492232194552912
2025-05-15,267.489990234375,0.0438,0.0188792111270226,0.2021003025614904,0.20343913166669983,118.93132080964585,118.9325613693372,117.489990234375,1.4413305752708538,1.4425711349621935
2025-05-16,267.5599975585937,0.0437,0.0188742713637306,0.1877019208234996,0.18902789113852458,118.97755515695604,118.97816025318484,117.5599975585937,1.4175575983623503,1.418162694591146
2025-05-19,264.8800048828125,0.0438999999999999,0.0190652367370432,0.1966552779511547,0.1983646498189982,116.3340024750513,116.33544641493117,114.8800048828125,1.4539975922388066,1.4554415321186696
2025-05-20,265.67999267578125,0.0438,0.019007829491183,0.1844213944448363,0.18496175675254203,117.11168594625872,117.11191233766091,115.67999267578125,1.4316932704774672,1.431919661879661
2025-05-21,261.0400085449219,0.0436,0.0193456935132261,0.1862459447073012,0.19110186533161444,112.44737906258531,112.45077360121378,111.04000854492188,1.4073705176634377,1.4107650562919076
2025-05-22,260.6700134277344,0.0437,0.0193731527980298,0.1762754494840358,0.18242798765267804,112.08720434206666,112.08987375021457,110.67001342773438,1.4171909143322807,1.41986032248019
2025-05-23,260.7099914550781,0.0436,0.0193701820625088,0.1713546666745015,0.178383246403406,112.11128666164475,112.11361907546355,110.70999145507812,1.4012952065666298,1.4036276203854214
2025-05-27,265.2900085449219,0.0435,0.0190357715607102,0.1759966543890252,0.180071019430061,116.67608091504488,116.67726856903423,115.29000854492188,1.3860723701230029,1.3872600241123507
2025-05-28,263.489990234375,0.0435,0.0191658134546515,0.1791013862271116,0.18394356676438037,114.87789375125068,114.8798656121387,113.489990234375,1.3879035168756815,1.3898753777637012
2025-05-29,264.3699951171875,0.0436,0.0191020164665868,0.1789689434254841,0.18545623639446343,115.77172813685046,115.7743200897928,114.3699951171875,1.4017330196629558,1.4043249726052949
2025-05-30,264.0,0.0436,0.0191287878787878,0.1793987564373274,0.1843992917218274,115.4020764102259,115.40408419330907,114.0,1.4020764102259022,1.4040841933090746
2025-06-02,264.6600036621094,0.0444,0.0190810849018475,0.1782605686672171,0.1827412224029185,116.1761270129562,116.17768755484899,114.66000366210938,1.5161233508468257,1.517683892739612
2025-06-03,266.2699890136719,0.0443,0.0189657122783773,0.1645182526954726,0.17201447560264901,117.76858460956265,117.76961318833229,116.26998901367188,1.4985955958907766,1.4996241746604113
2025-06-04,264.2200012207031,0.0444,0.0191128604067401,0.1681827048376487,0.17800171993121996,115.7340379711924,115.73626582579433,114.22000122070312,1.514036750489268,1.5162646050912088
2025-06-05,261.95001220703125,0.0444,0.0192784873627291,0.1636180405201181,0.1648991883096728,113.46412668392303,113.46430813905151,111.95001220703125,1.514114476891777,1.5142959320202607
2025-06-06,265.7300109863281,0.0443,0.0190042516509729,0.1685782013091325,0.16719534736652364,117.22926351403558,117.22907292930357,115.73001098632812,1.4992525277074549,1.4990619429754446
2025-06-09,266.739990234375,0.0444,0.0189322943123854,0.1616666843907706,0.16616312140503878,118.25255696559381,118.25297533129779,116.739990234375,1.5125667312188114,1.5129850969227903
2025-06-10,268.6000061035156,0.0445,0.0188011909353932,0.1617146578256258,0.15915527033018706,120.12647143290712,120.12632152190314,118.60000610351562,1.526465329391499,1.5263154183875116
2025-06-11,268.1499938964844,0.0445,0.0188327432964607,0.1358225552139453,0.13842985530501167,119.67593102803906,119.67594244843505,118.14999389648438,1.5259371315546844,1.5259485519506768
2025-06-12,268.239990234375,0.0446,0.0188264247832232,0.1310228495262016,0.13304861698965742,119.78024557088611,119.78024961748176,118.239990234375,1.540255336511109,1.5402593831067577
2025-06-13,264.95001220703125,0.0445,0.0190601991595831,0.1344136378784254,0.137879398812943,116.4765211748988,116.47654071105886,114.95001220703125,1.5265089678675565,1.5265285040276098
2025-06-16,270.3599853515625,0.0443,0.0186787996508922,0.1501462184576322,0.1541812753752996,121.85695681728154,121.85704686649234,120.3599853515625,1.4969714657190423,1.4970615149298396
2025-06-17,269.5199890136719,0.0441999999999999,0.0187370147144961,0.1506698655484445,0.15366447926146165,121.00277929109846,121.00285186813227,119.51998901367188,1.482790277426588,1.482862854460393
2025-06-18,273.9599914550781,0.0441999999999999,0.0184333485089484,0.1553665792158531,0.1595371943663287,125.44204290564454,125.44215772952576,123.95999145507812,1.4820514505664164,1.4821662744476356
2025-06-20,275.0,0.0438999999999999,0.0183636363636363,0.1554781005673071,0.1589626869262747,126.43880185114133,126.43888747489025,125.0,1.438801851141335,1.438887474890251
2025-06-23,278.2699890136719,0.0438,0.0181478427404253,0.1424241209873809,0.14683893014889474,129.69374906489193,129.69376672789193,128.26998901367188,1.4237600512200572,1.4237777142200514
2025-06-24,281.260009765625,0.0438,0.0179549165350885,0.1438124709730542,0.14484793024760062,132.68328613290927,132.6832889461166,131.260009765625,1.4232763672842736,1.4232791804915905
2025-06-25,284.0599975585937,0.0438,0.0177779343920409,0.1448148788680857,0.14614884331745645,135.48282982760043,135.48283295782213,134.0599975585937,1.422832269006733,1.4228353992284326
2025-06-26,288.75,0.0438999999999999,0.0174891774891774,0.143649563435555,0.14561580166584911,140.18646115030447,140.18646355434808,138.75,1.436461150304467,1.4364635543480802
2025-06-27,287.1099853515625,0.0438999999999999,0.0175890782545105,0.1426397257966648,0.14537350182038372,138.5466959788063,138.54669964717954,137.1099853515625,1.436710627243798,1.436714295617037
2025-06-30,289.9100036621094,0.0441,0.0174191988417404,0.1439171754377977,0.14656760875874808,141.37499819312197,141.37500130323582,139.91000366210938,1.464994531012593,1.4649976411264447
2025-07-01,290.4100036621094,0.044,0.0173892081413133,0.1427351127034115,0.14335723693562738,141.86056847597618,141.8605689629923,140.41000366210938,1.450564813866805,1.4505653008829142
2025-07-02,292.0,0.0441,0.0172945205479452,0.142569600812866,0.14387230124878791,143.46468121198907,143.46468208265688,142.0,1.464681211989074,1.4646820826568785
2025-07-03,296.0,0.0441999999999999,0.0217905405405405,0.1502859518160375,0.14944450350655156,146.1053879668293,146.1053867975934,146.0,0.10538796682931206,0.10538679759341107
2025-07-07,291.9700012207031,0.0441999999999999,0.0220913106587425,0.1580301578049389,0.15876709278772588,142.07638080574398,142.0763855405249,141.97000122070312,0.10637958504085532,0.10638431982178531
2025-07-08,282.7799987792969,0.0441999999999999,0.0228092511063134,0.1988202969690375,0.20843638600953407,132.89370400054455,132.89802400588448,132.77999877929688,0.11370522124767035,0.11802522658760495
2025-07-09,283.1600036621094,0.0441999999999999,0.0187173327145609,0.19527365771163,0.196932972199272,134.3984890147464,134.3989398141639,133.16000366210938,1.2384853526370136,1.2389361520545208
2025-07-10,288.19000244140625,0.0441999999999999,0.0183906449047536,0.2015180873676093,0.19827703384355205,139.42801562846566,139.42720091176332,138.19000244140625,1.2380131870594084,1.2371984703570718
2025-07-11,286.8599853515625,0.0441,0.0184759125379741,0.2033012173967195,0.20058125120885692,138.0847992822272,138.08396961328359,136.8599853515625,1.224813930664709,1.2239842617210854
2025-07-14,288.70001220703125,0.0441999999999999,0.0183581564804343,0.2027028821144864,0.20044612554935232,139.93813689966984,139.93753104850646,138.70001220703125,1.2381246926385927,1.2375188414752074
2025-07-15,286.54998779296875,0.0441999999999999,0.0184959002819055,0.2061350269751465,0.20422355636814843,137.7903162442427,137.78961138802256,136.54998779296875,1.240328451273939,1.2396235950538141
2025-07-16,285.82000732421875,0.0441,0.0185431385633825,0.1994115575862023,0.19573245763487152,137.04411860306968,137.04318742275194,135.82000732421875,1.224111278850927,1.2231800985331915
2025-07-17,289.8999938964844,0.0441,0.0182821666491393,0.1941923734559545,0.1892273956657642,141.12146959345657,141.12078995748206,139.89999389648438,1.2214756969721918,1.2207960609976851
2025-07-18,291.2699890136719,0.044,0.0181961760562679,0.1926952957889361,0.18754641115524667,142.4764891755484,142.4759083335887,141.26998901367188,1.2065001618765336,1.2059193199168305
2025-07-21,290.9700012207031,0.0441,0.0182149361713062,0.1879301351650417,0.18483878111100188,142.19038265621094,142.1901111682998,140.97000122070312,1.220381435507818,1.2201099475966828
2025-07-22,291.42999267578125,0.0441,0.0181861858188916,0.1879835005704811,0.1848838503965905,142.65026508848,142.65000025164272,141.42999267578125,1.2202724126987619,1.220007575861473
2025-07-23,296.760009765625,0.0441,0.017859549216843,0.1929167199335193,0.18635584222464813,147.97945799937906,147.978958040906,146.760009765625,1.2194482337540649,1.218948275281008
2025-07-24,296.54998779296875,0.0441999999999999,0.0178721976670594,0.1914457388276766,0.18554806882578523,147.78370084703639,147.783283437123,146.54998779296875,1.2337130540676355,1.2332956441542535
2025-07-25,298.6199951171875,0.0441999999999999,0.0177483091777565,0.1903258078629753,0.18480551312120225,149.85315880813505,149.85284217996374,148.6199951171875,1.2331636909475492,1.2328470627762442
2025-07-28,298.2799987792969,0.044,0.0177685396999132,0.1839264454692687,0.17811880305370473,149.4841682863413,149.48396687071812,148.27999877929688,1.204169507044412,1.2039680914212454
2025-07-29,297.0400085449219,0.044,0.0178427142726077,0.1832182382709852,0.17783358963335483,148.24438576782364,148.24419014621762,147.04000854492188,1.204377222901769,1.204181601295744
2025-07-30,299.6300048828125,0.0441,0.0176884821734487,0.1826986302868022,0.17609491443722688,150.84822519740678,150.8480450890363,149.6300048828125,1.2182203145942765,1.2180402062238045
2025-07-31,296.239990234375,0.0441,0.0178908998606394,0.1883183117826239,0.18349438795039125,147.45917610971506,147.4588898620632,146.239990234375,1.2191858753400595,1.218899627688188
2025-08-01,289.3699951171875,0.0435,0.0183156515514113,0.2058634608907738,0.20400441206618536,140.50835163846074,140.50776602419157,139.3699951171875,1.1383565212732378,1.137770907004068
2025-08-04,294.260009765625,0.0435,0.0180112819415094,0.2040509639475426,0.1997429677000163,145.39579923238014,145.39493173678477,144.260009765625,1.135789466755142,1.1349219711597698
2025-08-05,291.3699951171875,0.0434,0.0181899306339637,0.2012827997708183,0.19341045141067972,142.4918719305948,142.4904352822766,141.3699951171875,1.1218768134073116,1.120440165089093
2025-08-06,291.3500061035156,0.0432,0.0181911786132481,0.1646046691449465,0.15603777442848882,142.44005067802348,142.43998079192565,141.35000610351562,1.090044574507857,1.0899746884100239
2025-08-07,286.94000244140625,0.0432,0.0184707602805651,0.1744488704498045,0.17452915948332026,138.03113668551373,138.03114043281045,136.94000244140625,1.0911342441074794,1.0911379914041959
2025-08-08,288.760009765625,0.0432,0.0183543420860173,0.1647206761743366,0.1632334371259643,139.8505123708423,139.85049023823873,138.760009765625,1.0905026052172957,1.0904804726137343
2025-08-11,289.5599975585937,0.0434,0.0183036332528201,0.1640409216598325,0.16117737563429646,140.67907579243862,140.67904156271896,139.5599975585937,1.119078233844931,1.1190440041252714
2025-08-12,292.8500061035156,0.0433,0.0180980020131076,0.1671319362967208,0.16330153623432125,143.95418989232323,143.95414426044337,142.85000610351562,1.1041837888076032,1.1041381569277462
2025-08-13,290.5299987792969,0.0429,0.0182425223635036,0.1674341085004311,0.16358154785687148,141.57712839700443,141.57706999731172,140.52999877929688,1.0471296177075544,1.0470712180148496
2025-08-14,294.1600036621094,0.043,0.0180174052693034,0.1717926115005386,0.1684112006828017,145.22094166879796,145.220881695755,144.16000366210938,1.0609380066885876,1.060878033645622
2025-08-15,290.489990234375,0.043,0.0182450348658272,0.1716428829845708,0.16714619901044117,141.55159153925698,141.55149076044088,140.489990234375,1.0616013048819752,1.0615005260658847
2025-08-18,291.5299987792969,0.0433,0.0181799472513714,0.1713013172771084,0.1672371252681195,142.6344966283813,142.63441470513771,141.52999877929688,1.1044978490844244,1.10441592584084
2025-08-19,290.6600036621094,0.043,0.0182343629437272,0.1715899130997552,0.16606211625733514,141.72157180258594,141.72145580175274,140.66000366210938,1.0615681404765667,1.0614521396433645
2025-08-20,292.239990234375,0.043,0.0181357794179688,0.1725630197052865,0.1675409514652147,143.30129211151612,143.3011879733874,142.239990234375,1.0613018771411191,1.0611977390124139
2025-08-21,291.4700012207031,0.0432,0.018183689497386,0.159804294333882,0.15535648591020731,142.5599781877268,142.5599528370536,141.47000122070312,1.0899769670236878,1.0899516163504757
2025-08-22,296.239990234375,0.0426999999999999,0.0178908998606394,0.1704250976755296,0.16518996153390533,147.2574316770094,147.25736899992583,146.239990234375,1.0174414426344072,1.0173787655508306
2025-08-25,294.8999938964844,0.0429,0.0179721943360243,0.1691164478433383,0.16376700715503084,145.94638645877814,145.94632462460345,144.89999389648438,1.0463925622937609,1.0463307281190737
2025-08-26,298.57000732421875,0.0428,0.0177512806711516,0.1749432314307061,0.17020538982243283,149.60150288303012,149.6014270928491,148.57000732421875,1.031495558811372,1.031419768630343
2025-08-27,299.2799987792969,0.0426,0.0177091687437103,0.1744255528610471,0.16858173271150245,150.2826186887588,150.28253862964172,149.27999877929688,1.002619909461913,1.0025398503448457
2025-08-28,301.07000732421875,0.0426,0.0176038790682078,0.1730397251719312,0.16796310428443337,152.07230800026377,152.07225393608985,151.07000732421875,1.0023006760450244,1.0022466118711009
2025-08-29,301.4200134277344,0.0423,0.0175834376083016,0.1678150502272369,0.16223389158226242,152.3790741129809,152.37904220614044,151.42001342773438,0.9590606852465271,0.9590287784060649
2025-09-02,299.70001220703125,0.042,0.0176843502973859,0.1451886844479514,0.14578412653930006,150.61613587308813,150.61613613732865,149.70001220703125,0.9161236660568761,0.9161239302974025
2025-09-03,299.510009765625,0.0418,0.017695568853099,0.1345252309468584,0.13756267987410756,150.39739183900457,150.39739208646003,149.510009765625,0.8873820733795696,0.8873823208350302
2025-09-04,303.82000732421875,0.0416,0.0174445391094476,0.1363045654147645,0.13737406867218746,154.67795714282286,154.677957201343,153.82000732421875,0.8579498186041121,0.8579498771242413
2025-09-05,294.3800048828125,0.0407,0.0180039401864601,0.1792157552808561,0.1857224293065234,145.11028588332923,145.11064765788774,144.3800048828125,0.730281000516726,0.7306427750752391
2025-09-08,292.9100036621094,0.0409999999999999,0.0180942949497685,0.1712096395678723,0.17469888263563907,143.68350140531723,143.68359573294268,142.91000366210938,0.7734977432078551,0.7735920708333026
2025-09-09,297.8500061035156,0.0409999999999999,0.0177941913425982,0.1789175658620897,0.18052537060018234,148.62281980004738,148.62287438213477,147.85000610351562,0.772813696531756,0.7728682786191428
2025-09-10,300.5400085449219,0.0409,0.0176349233024254,0.1807728390209361,0.1807854395912187,151.29799895672076,151.29799934265858,150.54000854492188,0.757990411798886,0.75799079773671
2025-09-11,305.5599975585937,0.0408,0.0173452023901907,0.1851381129420737,0.1852056583935941,156.30284363316085,156.30284575059562,155.5599975585937,0.7428460745671543,0.7428481920019294
2025-09-12,306.9100036621094,0.0408,0.0172689059879423,0.1816643908887288,0.18227178186799106,157.65253355029319,157.65254660767755,156.91000366210938,0.7425298881838103,0.7425429455681751
2025-09-15,308.8999938964844,0.0406,0.0171576565384332,0.1787629265052201,0.18068663407713437,159.6133544174396,159.61338357611308,158.89999389648438,0.7133605209552343,0.7133896796287047
2025-09-16,309.19000244140625,0.0404,0.0171415633046039,0.1705296966031775,0.1713669711387197,159.87443365303713,159.87443868022234,159.19000244140625,0.6844312116308799,0.6844362388160903
2025-09-17,311.75,0.0401999999999999,0.017000801924619,0.1715029546450368,0.1728837377856849,162.40524314632282,162.4052509144488,161.75,0.6552431463228174,0.6552509144487999
2025-09-18,313.2300109863281,0.0403,0.0169204731797916,0.170076291984045,0.17058462392056728,163.89944073214082,163.8994427719951,163.23001098632812,0.6694297458126925,0.6694317856669727
2025-09-19,314.7799987792969,0.0403,0.0168371561743222,0.1700177580488554,0.17083694792855256,165.4492061586339,165.44920908089435,164.77999877929688,0.6692073793370241,0.6692103015974737
2025-09-22,312.44000244140625,0.04,0.0169632568127826,0.1730199935163697,0.17413573258220683,163.06633238200865,163.06633933384248,162.44000244140625,0.6263299406024032,0.6263368924362283
2025-09-23,312.739990234375,0.04,0.0169469852449251,0.1666155282002125,0.17020221315602269,163.36625040605534,163.3662625273509,162.739990234375,0.6262601716803431,0.6262722929758979
2025-09-24,313.4200134277344,0.0401999999999999,0.0169102155986667,0.1646149555416891,0.16526635670541903,164.07499228156385,164.07499361332327,163.42001342773438,0.6549788538294763,0.6549801855888973
2025-09-25,313.45001220703125,0.0404,0.0169085972040077,0.1611751180937929,0.1621677471813325,164.1337963656956,164.1337976700187,163.45001220703125,0.6837841586643378,0.6837854629874585
2025-09-26,316.0599975585937,0.0401999999999999,0.0167689680470159,0.1625003583413357,0.16160176099260884,166.71460040763802,166.7145994250304,166.0599975585937,0.6546028490443234,0.6546018664367068
2025-09-29,315.69000244140625,0.0404,0.0167886216193485,0.16251801749407,0.16222886425559577,166.37347208419973,166.37347174430758,165.69000244140625,0.683469642793483,0.6834693029013295
2025-09-30,315.42999267578125,0.0401999999999999,0.0168024605239352,0.1628320536273208,0.1622123295091403,166.08468419700728,166.08468343082475,165.42999267578125,0.6546915212260274,0.6546907550435037
2025-10-01,310.7099914550781,0.0401,0.0170577070121874,0.1715318697954279,0.1711560372530533,161.3509782512856,161.35097615401588,160.70999145507812,0.6409867962074713,0.640984698937757
2025-10-02,307.54998779296875,0.0401999999999999,0.0172329709327374,0.1763370255515177,0.17401769917413357,158.20590393266562,158.20587881737413,157.54998779296875,0.6559161396968705,0.6558910244053777
2025-10-03,310.0299987792969,0.0403,0.0170951198944233,0.171787021686945,0.16424811493868635,160.69990560043095,160.6998745515347,160.02999877929688,0.6699068211340773,0.6698757722378161
2025-10-06,309.17999267578125,0.0401999999999999,0.0219936611717652,0.1245622474520289,0.11792243609429179,158.3646308412084,158.36463083634823,159.17999267578125,0.8153618345728546,0.8153618394330238
2025-10-07,307.69000244140625,0.0401,0.0221001655758865,0.1244292975799658,0.12264531243841809,156.86058776450295,156.86058776163657,157.69000244140625,0.8294146769032977,0.829414679769684
2025-10-08,304.0299987792969,0.0401,0.0182547775623578,0.1230059761562795,0.12704677018309177,154.42634419920853,154.4263442141302,154.02999877929688,0.39634541991165406,0.39634543483333573
2025-10-09,305.5299987792969,0.0403,0.0181651557037746,0.1205454174458167,0.12088722998852722,155.95491641206303,155.9549164123345,155.52999877929688,0.424917632766153,0.4249176330376372
2025-10-10,300.8900146484375,0.0401999999999999,0.0184452781076323,0.1192907953541404,0.12115635188411869,151.3012919615031,151.301291964311,150.8900146484375,0.4112773130655967,0.41127731587349103
2025-10-13,307.9700012207031,0.0401999999999999,0.0180212357632283,0.1443138101589953,0.14689500580526077,158.38011677713178,158.38011728106,157.97000122070312,0.41011555642865005,0.4101160603568701
2025-10-14,302.0799865722656,0.0401999999999999,0.0183726173421035,0.1576602631695179,0.1624198170822519,152.49108000806729,152.4910951449279,152.07998657226562,0.4110934358016607,0.41110857266227185
2025-10-15,305.69000244140625,0.0403,0.0181556477335689,0.1636504570995935,0.16892086798541114,156.11491926830232,156.1149451620736,155.69000244140625,0.4249168268960659,0.42494272066736016
2025-10-16,298.5400085449219,0.0401999999999999,0.01859047310627,0.1792246832624454,0.18725978368528715,148.95199554360764,148.95236223689827,148.54000854492188,0.4119869986857623,0.41235369197639216
2025-10-17,297.5599975585937,0.04,0.0186517006504112,0.1776687528264228,0.1887213748240298,147.94330904170647,147.94385630648486,147.5599975585937,0.3833114831127773,0.3838587478911677
2025-10-20,302.3599853515625,0.0397,0.0183556034822096,0.1871614274723801,0.1904836826837654,152.69946340972314,152.69964516566043,152.3599853515625,0.3394780581606369,0.3396598140979279
2025-10-21,297.0899963378906,0.0395999999999999,0.0186812079451096,0.1942471384758007,0.20128938550934228,147.41683678886952,147.41785405525252,147.08999633789062,0.32684045097889225,0.3278577173618942
2025-10-22,294.1099853515625,0.0395999999999999,0.0188704915726198,0.19576658239666,0.2029986003233087,144.43788962260396,144.43926852057857,144.1099853515625,0.32790427104146147,0.32928316901606536
2025-10-23,294.5400085449219,0.0395,0.0188429409893004,0.1955592378188864,0.2028155886198636,144.85333547583312,144.85467103029384,144.54000854492188,0.31332693091124497,0.3146624853719686
2025-10-24,300.44000244140625,0.0393,0.0184729062538281,0.2105290327014118,0.21393858013266193,150.7253890198232,150.726342230753,150.44000244140625,0.28538657841696136,0.28633978934675497
2025-10-27,304.1499938964844,0.0389,0.0182475755757828,0.2133630891675918,0.2151219636875943,154.37696909731747,154.3774236261744,154.14999389648438,0.22697520083309541,0.22742972969001585
2025-10-28,305.3599853515625,0.0389,0.0181752694073857,0.2142343828180166,0.21849111555789402,155.58671313348648,155.5878727224124,155.3599853515625,0.22672778192398368,0.2278873708499134
2025-10-29,305.510009765625,0.0393,0.0181663442198104,0.2143237463499754,0.21981966446745924,155.79437488108007,155.79590894270686,155.510009765625,0.28436511545507415,0.2858991770818591
2025-10-30,309.44000244140625,0.0392,0.0179356255048211,0.2134700630299877,0.2177157886349836,159.70840937997528,159.70930659132594,159.44000244140625,0.2684069385690293,0.26930414991969087
2025-10-31,311.1199951171875,0.0389,0.0178387763149376,0.210858527782332,0.21506443638929434,161.34420052088186,161.34490554269772,161.1199951171875,0.2242054036943557,0.22491042551021678
2025-11-03,309.3500061035156,0.0398,0.0179408433505666,0.2102752256948146,0.2155021408533544,159.70438235530477,159.7053262450762,159.35000610351562,0.354376251789148,0.35532014156058267
2025-11-04,309.25,0.0395999999999999,0.017946645109135,0.2101556108818039,0.21267849499571234,159.5755627692823,159.57598370327887,159.25,0.32556276928229977,0.3259837032788653
2025-11-05,311.67999267578125,0.0395999999999999,0.017806725264439,0.2110537439077834,0.2120554320238472,162.0050016587564,162.00514959002425,161.67999267578125,0.325008982975163,0.32515691424299575
2025-11-06,313.4200134277344,0.0393,0.017707867277849,0.2065777126592236,0.2060874837822029,163.70079290339712,163.70074520264333,163.42001342773438,0.2807794756627402,0.28073177490895773
2025-11-07,314.2099914550781,0.0392,0.0176633466501127,0.2062359826614023,0.20694006773453782,164.47613496027267,164.47620172574204,164.20999145507812,0.2661435051945489,0.2662102706639189
2025-11-10,316.8900146484375,0.0395,0.0175139630264375,0.1983726416225601,0.19312022900150982,167.19834357497433,167.19814918890972,166.8900146484375,0.30832892653683075,0.3081345404722242
2025-11-11,315.6199951171875,0.0395,0.0175844372532206,0.1843601595734952,0.17962672825259557,165.92815280519645,165.92809556070236,165.6199951171875,0.30815768800894716,0.30810044351486
2025-11-12,320.4100036621094,0.0395,0.0173215565574313,0.1744357825078421,0.16782064266916422,170.7173301607236,170.71731302725945,170.41000366210938,0.30732649861423056,0.30730936515007556
2025-11-13,309.4800109863281,0.0395999999999999,0.0179333068469006,0.214054191981326,0.21190005211673174,159.80617690682084,159.80578818347712,159.48001098632812,0.32616592049271276,0.32577719714899445
2025-11-14,303.6099853515625,0.0395,0.0182800311839988,0.2080928801680674,0.20956359680133288,153.9225218034975,153.92280787404675,153.6099853515625,0.3125364519349887,0.3128225224842538
2025-11-17,300.3699951171875,0.0397,0.0184772117395903,0.2115040929352403,0.20776504594198342,150.71331142777072,150.71240677834015,150.3699951171875,0.3433163105832193,0.34241166115265287
2025-11-18,299.4100036621094,0.0394,0.0185364548015012,0.2040388739998624,0.20439268028268898,149.70876164293736,149.70882796118147,149.41000366210938,0.2987579808279861,0.29882429907209485
2025-11-19,303.2699890136719,0.0395,0.0183005249482493,0.1990153806195877,0.19471426087598667,153.58131401187472,153.5809125006259,153.26998901367188,0.3113249982028492,0.3109234869540387
2025-11-20,298.3800048828125,0.0394,0.0186004420845148,0.2044155850019676,0.20734049906719143,148.67918817060863,148.67982886619143,148.3800048828125,0.2991832877961258,0.29982398337892846
2025-11-21,298.0199890136719,0.039,0.0186229119005349,0.2044971541431577,0.20806157455885152,148.26164552669962,148.26246646980553,148.01998901367188,0.24165651302774904,0.24247745613365623
2025-11-24,298.0,0.0391,0.0186241610738255,0.1921087429548762,0.19408361327953946,148.2542896084271,148.25448780360634,148.0,0.2542896084270865,0.25448780360633805
2025-11-25,303.0,0.039,0.0183168316831683,0.1962846825114028,0.19513756401688676,153.2390201093104,153.238918901129,153.0,0.2390201093103883,0.23891890112901137
2025-11-26,307.6400146484375,0.0392,0.0180405660373615,0.2030138333404317,0.19952268473479828,157.90740873791268,157.90706889735128,157.6400146484375,0.2673940894751752,0.26705424891378016
2025-11-28,313.0799865722656,0.0388,0.0177270992654745,0.211557682449212,0.20960763920986192,163.28932744500213,163.28907194848802,163.07998657226562,0.20934087273650448,0.2090853762223901
2025-12-01,308.9200134277344,0.0381,0.0179658156116787,0.2128624626023559,0.21318038099010717,159.02978507211176,159.02984579529206,158.92001342773438,0.10977164437738907,0.10983236755768644
2025-12-02,307.8800048828125,0.0377,0.0180265035467713,0.212179825826773,0.2132184702324205,157.93223599116473,157.932443087069,157.8800048828125,0.052231108352231104,0.052438204256503695
2025-12-03,312.1300048828125,0.0372,0.0177810524883172,0.2167858864769713,0.2150338274187002,162.10953790259006,162.10919884928114,162.1300048828125,0.020466980222437314,0.02080603353135757
2025-12-04,316.1000061035156,0.0371,0.0175577345550018,0.2208337671506811,0.21845863768368878,166.06462015018624,166.06415563820966,166.10000610351562,0.03538595332938144,0.03585046530596969
2025-12-05,315.0400085449219,0.0371,0.017616810085912,0.2199018286784915,0.21981527802539508,165.00477681848983,165.00475878164758,165.04000854492188,0.03523172643204475,0.035249763274293855
2025-12-08,315.2099914550781,0.0373,0.017607309890083,0.2191334899984371,0.22087605918160574,165.20344151407932,165.203803436244,165.20999145507812,0.006549940998809234,0.006188018834137665
2025-12-09,300.510009765625,0.0373,0.0184686027740925,0.2747817538577757,0.2828232965003767,150.58696189986352,150.61232332844116,150.510009765625,0.07695213423852465,0.102313562816164
2025-12-10,310.1099853515625,0.0369,0.0178968761476936,0.29659283486286,0.2957160755938727,160.1639883861416,160.16084941544497,160.1099853515625,0.05400303457909672,0.050864063882471555
2025-12-11,317.3800048828125,0.0366,0.0174869239227885,0.3078833455820833,0.2991608371667004,167.40227258549857,167.3719076972958,167.3800048828125,0.02226770268606515,0.008097185516703576
2025-12-12,318.5199890136719,0.0363,0.0174243381622174,0.3034683403949594,0.2939367143810294,168.47881123190186,168.4497825093729,168.51998901367188,0.041177781770016963,0.07020650429896591
2025-12-15,320.0199890136719,0.0365,0.0173426666787457,0.2766600352705736,0.27050369328537766,169.93773959754026,169.9284297669199,170.01998901367188,0.08224941613161718,0.09155924675198435
2025-12-16,315.54998779296875,0.0364,0.0175883385032527,0.2723850504364062,0.2688906888670063,165.45427320719173,165.4486824234022,165.54998779296875,0.09571458577701719,0.10130536956654623
2025-12-17,314.9800109863281,0.0364,0.0176201657451872,0.2689306719173966,0.2645865260648766,164.87972206466927,164.87342127299564,164.98001098632812,0.1002889216588585,0.10658971333248246
2025-12-18,313.0,0.0362,0.0177316293929712,0.2699385370937893,0.26411657464851546,162.87606414453185,162.86694846722915,163.0,0.12393585546814734,0.1330515327708497
2025-12-19,317.2099914550781,0.0362,0.0174962963005721,0.2702203222559529,0.2617407769069156,167.07913585757916,167.06795116421327,167.20999145507812,0.13085559749896447,0.14204029086485548
2025-12-22,323.0899963378906,0.0364,0.0171778763282901,0.2671211451431039,0.2555651228681371,172.9757124871858,172.9650209155236,173.08999633789062,0.1142838507048225,0.1249754223670152
2025-12-23,325.92999267578125,0.0365,0.0170281966211095,0.2670019644898505,0.25472056499953083,175.82678768606004,175.81667691720307,175.92999267578125,0.10320498972120618,0.11331575857818166
2025-12-24,329.1700134277344,0.0369,0.0168605880657426,0.2671956622829032,0.25224509359430025,179.12141293706418,179.1108999316555,179.17001342773438,0.04860049067019645,0.05911349607887928
2025-12-26,327.9100036621094,0.0364,0.0169253756763057,0.2651094310770174,0.2510500106173084,177.78856919682835,177.77878954235416,177.91000366210938,0.12143446528102686,0.1312141197552137
2025-12-29,323.75,0.0368,0.0171428571428571,0.2675983323501529,0.2529626867124418,173.6931634398678,173.68044038279385,173.75,0.05683656013221139,0.06955961720615278
2025-12-30,323.4200134277344,0.0365,0.0171603480600315,0.2620692654924546,0.24685962038190892,173.314624772308,173.3037490589095,173.42001342773438,0.105388655426367,0.11626436882488633
2025-12-31,322.2200012207031,0.0366999999999999,0.0172242566537592,0.2572301296610037,0.24096963588477505,172.1403882376826,172.1305087130517,172.22000122070312,0.07961298302052455,0.08949250765141414
2026-01-02,325.4800109863281,0.0365,0.017051738394568,0.25790061675125,0.2394178908805158,175.3692628829025,175.35946404120324,175.48001098632812,0.11074810342563524,0.12054694512488595
2026-01-05,334.0400085449219,0.0364,0.0166147762484374,0.2678217810543042,0.2501844323387181,183.91540804594388,183.90515163173401,184.04000854492188,0.12460049897799763,0.13485691318786053
2026-01-06,334.6099853515625,0.0363,0.0210693054858862,0.265894492130491,0.2483212868055913,182.99795496098537,182.98813788312427,184.6099853515625,1.6120303905771323,1.621847468438233
2026-01-07,326.989990234375,0.0362,0.0215602930075835,0.2801101360715087,0.2663233345109696,175.38907965776545,175.37165173181634,176.989990234375,1.6009105766095502,1.6183385025586574
2026-01-08,329.7900085449219,0.0362,0.0175869488150668,0.2809551972134784,0.2599197680672515,179.4099730662817,179.38843125570577,179.79000854492188,0.38003547864016696,0.4015772892161067
2026-01-09,329.19000244140625,0.0362,0.0176190040918158,0.2150173825181713,0.19623765061424114,178.77469795999806,178.7738840294787,179.19000244140625,0.4153044814081852,0.41611841192755605
2026-01-12,324.489990234375,0.0366999999999999,0.0178742031327707,0.2009449193631914,0.19257964462015087,174.14713670255088,174.1469099098486,174.489990234375,0.3428535318241188,0.34308032452639736
2026-01-13,310.8999938964844,0.0366999999999999,0.0186555166094057,0.2408524287049981,0.2411618339873745,160.57238874120293,160.57260115375593,160.89999389648438,0.3276051552814465,0.3273927427284491
2026-01-14,307.8699951171875,0.0366999999999999,0.0188391207067525,0.2422604384520367,0.24134634128829266,157.54612118112573,157.5453891820868,157.8699951171875,0.32387393606177284,0.324605935100692
2026-01-15,309.260009765625,0.0368,0.0187544455049185,0.2421999216891128,0.2343574322157344,158.94922510773353,158.94405799151048,159.260009765625,0.3107846578914746,0.3159517741145237
2026-01-16,312.4700012207031,0.0366999999999999,0.0185617818585514,0.2408808196074183,0.22948287246344726,162.1411765802777,162.13538806496595,162.47000122070312,0.328824640425438,0.33461315573717343
2026-01-20,302.739990234375,0.037,0.0191583543208472,0.2643249130760708,0.25885627832097013,152.49742594464362,152.4871450374037,152.739990234375,0.24256428973137645,0.25284519697129326
2026-01-21,302.0400085449219,0.037,0.0192027540587801,0.2638045520010635,0.26085171724854767,151.7980400088645,151.79223413791155,152.04000854492188,0.2419685360573851,0.2477744070103256
2026-01-22,303.6300048828125,0.0371,0.0191021964454354,0.2595156497245692,0.2513310556493138,153.39092164943852,153.3785619213858,153.6300048828125,0.2390832333739752,0.2514429614267044
2026-01-23,297.7200012207031,0.037,0.0194813918319864,0.2555536129922464,0.2484694118585734,147.47177369053543,147.4598578972975,147.72000122070312,0.2482275301676964,0.26014332340562873
2026-01-26,301.0400085449219,0.0366999999999999,0.0192665421052647,0.2571102268567797,0.24938701112446315,150.74436369887488,150.73235429680383,151.04000854492188,0.29564484604699715,0.3076542481180411
2026-01-27,300.3099975585937,0.0366999999999999,0.0193133763349598,0.2524839466839371,0.24671308241673368,150.00811731944555,149.99992752773105,150.3099975585937,0.3018802391481472,0.3100700308626472
2026-01-28,300.7699890136719,0.0368,0.0192838388531388,0.2532526406355096,0.24670349148682355,150.48287676165052,150.4736350046022,150.76998901367188,0.2871122520213589,0.2963540090696881
2026-01-29,306.4200134277344,0.0366999999999999,0.0189282675603297,0.2625643969779091,0.2556490526752249,156.12307752979453,156.11241553198442,156.42001342773438,0.2969358979398464,0.3075978957499501
2026-01-30,305.8900146484375,0.0366999999999999,0.0189610635269215,0.2625286569835194,0.2562185691000853,155.59406115315653,155.58407047911066,155.8900146484375,0.29595349528096904,0.30594416932683544
2026-02-02,308.1400146484375,0.0369,0.0188226122031483,0.2646313065581296,0.25738813469157307,157.87207127837303,157.8609373032859,158.1400146484375,0.2679433700644722,0.27907734515159177
2026-02-03,314.8500061035156,0.0369,0.0184214701844188,0.2739969748238499,0.269006638943306,164.58534057852663,164.57694243758385,164.85000610351562,0.26466552498899887,0.27306366593177245
2026-02-04,317.2699890136719,0.0369,0.0182809600682088,0.2578571849692417,0.25148469353994796,166.97937534707225,166.9736430025908,167.26998901367188,0.29061366659962573,0.29634601108108427
2026-02-05,310.1600036621094,0.0366999999999999,0.0187000255723447,0.2652339046572479,0.26498848891707805,159.8604516563098,159.86005223502565,160.16000366210938,0.2995520057995691,0.2999514270837267
2026-02-06,322.3999938964844,0.0368,0.0179900747822664,0.2930404838667461,0.29248140436381337,172.14358822153886,172.14225722448776,172.39999389648438,0.2564056749455119,0.25773667199661077
2026-02-09,322.1000061035156,0.0369,0.0180068298357498,0.2911245306296425,0.28752186538913643,171.85423515296276,171.84631087385355,172.10000610351562,0.2457709505528669,0.25369522966207114
2026-02-10,318.2799987792969,0.0369,0.0182229484172577,0.2935262061601771,0.2878229633609472,168.05068168167108,168.03621990201947,168.27999877929688,0.22931709762579544,0.243778877277407
2026-02-11,310.82000732421875,0.037,0.0186603174291479,0.300349444565877,0.28843600593747765,160.65484311176755,160.61431020769734,160.82000732421875,0.16516421245120227,0.20569711652140654
2026-02-12,302.6400146484375,0.037,0.0191646831855251,0.2771014098074151,0.2676539515522308,152.42883033401716,152.40480416928955,152.6400146484375,0.21118431442033625,0.2352104791479519
2026-02-13,302.54998779296875,0.0368,0.0191703858337911,0.2753734012483193,0.2656809378164802,152.3055338269712,152.28193491052784,152.54998779296875,0.24445396599753622,0.2680528824409123
2026-02-17,307.1300048828125,0.0369,0.0188845111444354,0.2803083727263328,0.26840626035437903,156.89887711487833,156.8711293717367,157.1300048828125,0.23112776793416856,0.2588755110757859
2026-02-18,308.7799987792969,0.037,0.0187836000483489,0.2784510439512566,0.2642008720720851,158.55356779260177,158.524511538646,158.77999877929688,0.22643098669510664,0.25548724065086503
2026-02-19,308.04998779296875,0.0369,0.0188281130655262,0.2547544518976917,0.24350437352467444,157.76758311817943,157.75583541018884,158.04998779296875,0.2824046747893192,0.29415238277991307
2026-02-20,310.7900085449219,0.0369,0.0186621186027016,0.2559540061885084,0.24272779021264565,160.5052643921659,160.49269786090264,160.79000854492188,0.28474415275596243,0.2973106840192372
2026-02-23,297.6700134277344,0.0369,0.0194846633465418,0.2980926689559992,0.2917255622371996,147.55180028706317,147.52053511890006,147.67001342773438,0.1182131406712017,0.14947830883431834
2026-02-24,297.29998779296875,0.0369,0.0195089143563603,0.2902499192619304,0.2803402770241143,147.1458672754798,147.105586279022,147.29998779296875,0.1541205174889626,0.1944015139467581
2026-02-25,303.29998779296875,0.0369,0.0191229813169628,0.2961306325968041,0.28129511443283745,153.13955604670036,153.08466647460966,153.29998779296875,0.16043174626838663,0.21532131835908785
2026-02-26,306.1300048828125,0.0368,0.0189461990248889,0.2975204711456878,0.28218670436690674,155.94687515476735,155.893063085539,156.1300048828125,0.18312972804514516,0.23694179727348796
2026-02-27,300.29998779296875,0.0366999999999999,0.0193140200991237,0.3055599455344257,0.29360436827420805,150.17600375310758,150.11583003574904,150.29998779296875,0.12398403986117046,0.18415775721970817
2026-03-02,297.5599975585937,0.0372,0.0194918673463757,0.2992426632132153,0.29222394405589597,147.49132974455517,147.45628488276188,147.5599975585937,0.06866781403851974,0.1037126758318152
2026-03-03,300.260009765625,0.0371,0.019316591658434,0.3014066204327672,0.293261849912942,150.17079769374502,150.13169659232932,150.260009765625,0.08921207187998448,0.12831317329568037
2026-03-04,299.3900146484375,0.0371,0.0193727235920367,0.2999740606192015,0.2900453502551551,149.2989594442175,149.25237672834677,149.3900146484375,0.09105520421999813,0.13763792009072517
2026-03-05,293.54998779296875,0.037,0.0197581340186958,0.2942459524842614,0.2865396708699968,143.45320455737314,143.41453853503688,143.54998779296875,0.09678323559560909,0.13544925793186735
2026-03-06,289.4800109863281,0.0369,0.0200359257284743,0.2935991931107076,0.29235709237160656,139.3951885073725,139.3878611381324,139.48001098632812,0.08482247895562978,0.09214984819573147
2026-03-09,289.9200134277344,0.0371,0.0200055178372351,0.2864722502515736,0.2828378839539875,139.82100733832797,139.8030497888758,139.92001342773438,0.09900608940640154,0.11696363885857863
2026-03-10,288.7300109863281,0.0371,0.0200879706968689,0.242562639992849,0.2392948675258747,138.49222398095887,138.48679986279313,138.73001098632812,0.23778700536925612,0.24321112353499075
2026-03-11,287.5199890136719,0.0371,0.0201725105092578,0.2420927067459163,0.23998357335304363,137.2840076228931,137.28032273517775,137.51998901367188,0.23598139077876112,0.23966627849412703
2026-03-12,282.8900146484375,0.0372,0.0205026678202409,0.244005093951606,0.2454824480134966,132.6840748176529,132.687531742599,132.8900146484375,0.20593983078458677,0.20248290583850803
2026-03-13,283.44000244140625,0.0372,0.0204628843848496,0.2360778448063545,0.23827564055986544,133.21672431453823,133.22071071955534,133.44000244140625,0.22327812686802417,0.21929172185090806
2026-03-16,286.1600036621094,0.0372,0.0202683810657498,0.2261430142112115,0.22311446784045252,135.91798751094493,135.91485671516926,136.16000366210938,0.2420161511644494,0.2451469469401104
2026-03-17,286.8900146484375,0.0372,0.0202168068034974,0.2267325734603842,0.2217060677170787,136.6476414808642,136.6426916221389,136.8900146484375,0.24237316757330518,0.24732302629860214
2026-03-18,287.739990234375,0.0373,0.0201570869425403,0.2186703046202484,0.21744730595730918,137.50371246941572,137.5028176633892,137.739990234375,0.23627776495928288,0.23717257098579125
2026-03-19,287.9700012207031,0.0373,0.0201409868229809,0.2170110626057804,0.21690355113323984,137.7323110420808,137.73223691313493,137.97000122070312,0.23769017862233,0.23776430756819877
2026-03-20,286.5599975585937,0.0374,0.0202400895080062,0.2170486373480926,0.21651813896138972,136.33808394651876,136.33769564098523,136.5599975585937,0.22191361207492832,0.22230191760846196
2026-03-23,289.9100036621094,0.0374,0.0200062085707118,0.2192250971746948,0.21758188319964983,139.68652026112318,139.6854228380334,139.91000366210938,0.223483400986197,0.22458082407598567
2026-03-24,292.3999938964844,0.0374,0.01983584172732,0.1680810878552245,0.1715805815916148,142.16370179914654,142.16378506571218,142.39999389648438,0.23629209733783796,0.236208830772199
2026-03-25,295.4200134277344,0.0373,0.0196330638967315,0.1724222030460188,0.1785501752284992,145.16873379527317,145.16892956865675,145.42001342773438,0.25127963246120544,0.25108385907762454
2026-03-26,291.6600036621094,0.0373,0.0198861685770235,0.1608472548249965,0.17147839082985505,141.40930923398108,141.4095038079373,141.66000366210938,0.25069442812829834,0.25049985417206244
2026-03-27,282.8399963378906,0.0373,0.0205062935762137,0.1839242459127913,0.20283723285714356,132.5928292728783,132.5982316245784,132.83999633789062,0.2471670650123201,0.2417647133122216
2026-03-30,283.7699890136719,0.0371,0.0204390887851095,0.1764623765608315,0.19305431582849897,133.49278152581448,133.49538837620653,133.76998901367188,0.277207487857396,0.27460063746534047
2026-03-31,294.1600036621094,0.037,0.0197171604833886,0.2195850802465642,0.2299464591668321,143.8754984840721,143.88303352528064,144.16000366210938,0.2845051780372785,0.27697013682873717
2026-04-01,295.3800048828125,0.037,0.0196357231502554,0.2175397005314346,0.22537416315594933,145.0935352222019,145.09818902999376,145.3800048828125,0.2864696606106065,0.2818158528187382
2026-04-02,294.6000061035156,0.037,0.019687711744181,0.2175098974701474,0.2291005080309914,144.31405182678446,144.32182554582633,144.60000610351562,0.2859542767311609,0.2781805576892964
2026-04-06,295.45001220703125,0.0372,0.0247080714110265,0.2080877148454284,0.21941269840816813,143.72198129354388,143.7270199167654,145.45001220703125,1.7280309134873733,1.722992290265836
2026-04-07,297.3999938964844,0.0371,0.0245460664082626,0.2021179710755544,0.213211002387157,145.65484903724465,145.65811714326597,147.39999389648438,1.7451448592397298,1.7418767532184063
2026-04-08,307.9700012207031,0.0369,0.0191577100906391,0.2328836096548274,0.24167856527163137,157.57049576328902,157.57638738262546,157.97000122070312,0.3995054574141079,0.3936138380776697
2026-04-09,310.3299865722656,0.0368,0.0190120202857872,0.2318399316325999,0.23560523769772912,159.91395054937396,159.91591100894647,160.32998657226562,0.4160360228916602,0.41407556331915885
2026-04-10,309.8699951171875,0.0369,0.019040242982444,0.2308658302085928,0.2365663491234321,159.46822287979163,159.4712485174262,159.8699951171875,0.40177223739587475,0.3987465997612958
2026-04-13,313.67999267578125,0.0371,0.0188089777408858,0.2205533214024089,0.22488914606744975,163.30176670907576,163.30291149056754,163.67999267578125,0.3782259667054859,0.3770811852137115
2026-04-14,311.1199951171875,0.0371,0.0189637441906544,0.2251656140504707,0.23042061853853377,160.74416163208545,160.74617298813237,161.1199951171875,0.3758334851020493,0.373822129055128
2026-04-15,305.92999267578125,0.0371,0.0192854579192982,0.2362393999937085,0.2418071560611152,155.56302433704067,155.5673548137835,155.92999267578125,0.3669683387405769,0.3626378619977402
2026-04-16,309.95001220703125,0.037,0.0190353275290697,0.2385408424468134,0.24109750380119932,159.56686974221694,159.5686099840339,159.95001220703125,0.3831424648143127,0.3814022229973375
2026-04-17,310.2900085449219,0.037,0.0190144698105734,0.238723014186555,0.2385300400801519,159.90671737984962,159.90659401757262,160.29000854492188,0.3832911650722508,0.3834145273492595
2026-04-20,316.989990234375,0.0371,0.0186125751025692,0.2459458634880767,0.24711597059630186,166.62062115629098,166.62140447606018,166.989990234375,0.36936907808402,0.368585758314822
2026-04-21,313.0,0.0369,0.018849840255591,0.2512226884440994,0.25274624855370276,162.60955963759812,162.6110205268696,163.0,0.3904403624018755,0.38897947313040504
2026-04-22,313.0199890136719,0.0369,0.018848636531459,0.2502510861681221,0.25355668568625267,162.62863721575462,162.63179635600616,163.01998901367188,0.3913517979172525,0.3881926576657122
2026-04-23,311.69000244140625,0.0369,0.0189290639859683,0.2511801741450731,0.24865950450452773,161.30095628046334,161.2985985184376,161.69000244140625,0.389046160942911,0.39140392296866366
2026-04-24,308.2799987792969,0.0369,0.0191384456447462,0.2545107708386424,0.2538904711091035,157.8989626327949,157.898198656282,158.27999877929688,0.3810361465019696,0.38180012301486954
2026-04-27,311.6300048828125,0.0368,0.0189327083642625,0.2499864594747066,0.2425306230564775,161.2254525946293,161.21932642162238,161.6300048828125,0.4045522881831971,0.4106784611901162
2026-04-28,311.45001220703125,0.0368,0.0189436499237575,0.2179280408304064,0.2106038604705644,161.02866618410013,161.02728877448152,161.45001220703125,0.4213460229311181,0.42272343254973066
2026-04-29,309.25,0.0368,0.0190784155214228,0.2217842719628418,0.21134225937031653,158.83060294089725,158.82809529738793,159.25,0.4193970591027494,0.4219047026120677
2026-04-30,313.2300109863281,0.0368,0.0188359984454284,0.1927856471798177,0.18624515168703526,162.80532127261768,162.80512024841758,163.23001098632812,0.4246897137104497,0.42489073791054466
2026-05-01,312.4700012207031,0.0368,0.0188818125802506,0.193737609662003,0.18558871999697515,162.04551002105876,162.04524190551342,162.47000122070312,0.42449119964436477,0.42475931518970356
2026-05-04,307.6499938964844,0.037,0.0191776373055452,0.2033252273536835,0.19660473084310162,157.25630868437858,157.2556685737179,157.64999389648438,0.3936852121057939,0.3943253227664627
2026-05-05,309.3999938964844,0.0369,0.0190691665041659,0.202667942903947,0.1938307368413558,158.99130736312878,158.99062897265665,159.39999389648438,0.408686533355592,0.4093649238277237
2026-05-06,314.8999938964844,0.0369,0.0187361070636904,0.2091805783960656,0.19840523776450775,164.49055514370824,164.48967269011757,164.89999389648438,0.40943875277613984,0.41032120636680247
2026-05-07,306.2699890136719,0.0369,0.0192640487531954,0.200151776702758,0.19779034826443662,155.86187808915957,155.86165071355856,156.26998901367188,0.40811092451230024,0.4083383001133143
2026-05-08,302.1000061035156,0.0369,0.0195299565733154,0.2031732391086804,0.19892518961651048,151.69353020348112,151.69292961313838,152.10000610351562,0.40647590003450773,0.4070764903772499
2026-05-11,300.0,0.037,0.0196666666666666,0.2041310966710968,0.19860197040256672,149.60886689134867,149.6079664253348,150.0,0.39113310865133144,0.3920335746651915
2026-05-12,304.8800048828125,0.037,0.0193518758380622,0.2078732550674851,0.19918522024171764,154.4878532853024,154.48662338021924,154.8800048828125,0.3921515975100931,0.39338150259325744
2026-05-13,300.25,0.0369,0.0196502914238134,0.2122327881684101,0.20448569174316913,149.8462788158847,149.84439422214737,150.25,0.4037211841153123,0.4056057778526281
2026-05-14,299.9100036621094,0.0369,0.0196725681969821,0.2049758263236537,0.19580869919521915,149.50461985610505,149.5031952714846,149.91000366210938,0.40538380600432333,0.40680839062477503
2026-05-15,297.8099975585937,0.0369,0.0198112892393385,0.1994215912483828,0.1958851594599955,147.40434304776377,147.40382439867832,147.8099975585937,0.405654510829919,0.40617315991536884
2026-05-18,300.7300109863281,0.0368,0.0196189265602368,0.2032821533282031,0.20168176892423312,150.30956142674657,150.30929371844067,150.73001098632812,0.42044955958155583,0.4207172678874542
2026-05-19,295.70001220703125,0.0366999999999999,0.0199526538939375,0.1919520423901658,0.18450109015554955,145.26508439995786,145.26442016559423,145.70001220703125,0.43492780707339307,0.4355920414370189
2026-05-20,301.9800109863281,0.0365,0.0195377170188496,0.2061989729102461,0.20887112680464995,151.51629643026726,151.51686214901835,151.98001098632812,0.4637145560608644,0.46314883730977385
2026-05-21,303.0,0.0368,0.0194719471947194,0.2068742344127139,0.19702654278762238,152.57941545542624,152.57800011989218,153.0,0.4205845445737566,0.4219998801078191
2026-05-22,306.3800048828125,0.0368,0.0192571313596548,0.2111327478067265,0.2091977297063649,155.9590523409277,155.95867859778366,156.3800048828125,0.4209525418847875,0.4213262850288402
2026-05-26,306.739990234375,0.0368,0.0192345314854183,0.2079224227264165,0.20931872481120328,156.31832204783686,156.31856368202014,156.739990234375,0.42166818653814175,0.42142655235485904
2026-05-27,299.2799987792969,0.0368,0.0197139802996021,0.2200721819592502,0.21100931994983688,148.86531407668267,148.86191486155178,149.27999877929688,0.41468470261420975,0.41808391774509346
2026-05-28,296.7300109863281,0.0369,0.019883394943398,0.2211894139719408,0.2199738274986682,146.3320710766205,146.3314184395499,146.73001098632812,0.39793990970761683,0.3985925467782181
2026-05-29,299.3099975585937,0.0369,0.0197120044372891,0.2236112225401489,0.221083972771821,148.91151887326987,148.9102174205933,149.3099975585937,0.39847868532382336,0.3997801380003807
2026-06-01,296.5799865722656,0.0378,0.0198934529203722,0.2187458674115892,0.21492666633670723,146.31079039363425,146.30907932980023,146.57998657226562,0.26919617863137546,0.2709072424653982
2026-06-02,300.9599914550781,0.0377,0.0196039346342174,0.2267782694898558,0.21729907528795672,150.6775553277487,150.67313410109955,150.95999145507812,0.2824361273294187,0.2868573539785757
2026-06-03,300.8500061035156,0.0378,0.0196111014801506,0.2212022767491279,0.21672416658227778,150.57923368451767,150.57743101594508,150.85000610351562,0.2707724189979501,0.2725750875705444
2026-06-04,310.8900146484375,0.0378,0.0189777725948254,0.2497782490535913,0.23452860310113055,160.630280526935,160.6193229959249,160.8900146484375,0.25973412150250397,0.2706916525125962
2026-06-05,312.3699951171875,0.0378,0.0188878576439026,0.2423555878247683,0.23452455170071565,162.10288031092523,162.09835998711918,162.3699951171875,0.2671148062622706,0.27163513006831863
2026-06-08,311.1099853515625,0.038,0.0189643543370452,0.2215946183441047,0.21289792790987727,160.86300841068228,160.86107883180946,161.1099853515625,0.2469769408802165,0.24890651975303513
2026-06-09,312.70001220703125,0.038,0.018867923791745,0.2156329577690747,0.2041718125272007,162.45107340742615,162.44953113889474,162.70001220703125,0.24893879960509935,0.2504810681365086
2026-06-10,312.125,0.038,0.0189026832198638,0.2137728206207297,0.20601675709508355,161.87591671996717,161.874849720791,162.125,0.24908328003283486,0.25015027920900934
